symbol,name,sector,revenue,net_income,net_margin,market_cap,dividend_yield_pct,margin_tier,revenue_tier
AMZN,Amazon,Consumer Discretionary,775680049817.3859,134181730009.90814,17.298592382451737,2722465316864.0,0.0,10-20%,$100B+
WMT,Walmart,Consumer Staples,735839992269.4313,21964298156.143757,2.9849285696477104,842203529216.0,0.9299999999999999,0-10%,$100B+
AAPL,Apple Inc.,Information Technology,466822996346.87244,127407193870.89433,27.292398803812254,4602128760832.0,0.33999999999999997,20-30%,$100B+
UNH,UnitedHealth Group,Health Care,450526012413.68,13957600171.221699,3.0980675447449224,352808632320.0,2.32,0-10%,$100B+
GOOG,Alphabet Inc. (Class C),Communication Services,445865981302.02594,243620314364.99008,54.63980760621512,4016066265088.0,0.26,30%+,$100B+
GOOGL,Alphabet Inc. (Class A),Communication Services,445865975953.9667,243742594148.59058,54.667233494792555,4043827838976.0,0.26,30%+,$100B+
CVS,CVS Health,Health Care,412644985142.15796,4847297376.440259,1.1746895154367,121988186112.0,2.77,0-10%,$100B+
MCK,McKesson Corporation,Health Care,410982995824.91364,4342990967.1001625,1.0567325196467148,103961288704.0,0.42,0-10%,$100B+
XOM,ExxonMobil,Energy,361060022946.82513,31990675485.48497,8.860209785727614,675299262464.0,2.56,0-10%,$100B+
COR,Cencora,Health Care,332771312288.46234,2570441929.1446013,0.7724349528412526,61698240512.0,0.74,0-10%,$100B+
MSFT,Microsoft,Information Technology,331839013964.1151,133140034838.86868,40.12187513710078,3650769387520.0,0.74,30%+,$100B+
NVDA,Nvidia,Information Technology,302970010591.74567,190761288588.87076,62.963752820381615,5400959123456.0,0.44,30%+,$100B+
COST,Costco,Consumer Staples,293586990015.00195,8798619581.197062,2.996937834591193,400283959296.0,0.65,0-10%,$100B+
CI,Cigna,Health Care,282381985830.9153,6391977373.388826,2.263592471941966,73503776768.0,2.26,0-10%,$100B+
CAH,Cardinal Health,Health Care,254247995574.79236,1683848124.3605044,0.6622857028051438,55818174464.0,0.86,0-10%,$100B+
META,Meta Platforms,Communication Services,228246992306.00854,67661765482.295456,29.644099490074325,1665279328256.0,0.33999999999999997,20-30%,$100B+
CVX,Chevron Corporation,Energy,209383989781.27655,20381059571.085075,9.733819473196219,419410411520.0,3.39,0-10%,$100B+
ELV,Elevance Health,Health Care,201114000801.8819,4907752092.890076,2.4402836566931607,86075424768.0,1.71,0-10%,$100B+
JPM,JPMorgan Chase,Financials,186327994738.70593,62015485555.30906,33.282967297681424,942885240832.0,1.7000000000000002,30%+,$100B+
GM,General Motors,Consumer Discretionary,185527981912.72183,2025971524.1336067,1.0920032133409865,75756863488.0,0.84,0-10%,$100B+
HD,Home Depot (The),Consumer Discretionary,169176002238.10886,14266960793.127857,8.433206012899895,309732737024.0,2.97,0-10%,$100B+
MPC,Marathon Petroleum,Energy,154146001416.23538,8098986412.334024,5.25410087704098,112172646400.0,1.01,0-10%,$100B+
PSX,Phillips 66,Energy,152166998144.6995,7024381426.75739,4.616231845539679,104555831296.0,1.96,0-10%,$100B+
DELL,Dell Technologies,Information Technology,151197003416.78375,10929621089.054314,7.22872864016104,340318781440.0,0.47000000000000003,0-10%,$100B+
KR,Kroger,Consumer Staples,148645000971.32626,1047626878.2429101,0.7047844672859185,34577813504.0,2.52,0-10%,$100B+
HUM,Humana,Health Care,145679008905.81192,1268048015.1887453,0.8704397597931187,48034521088.0,0.88,0-10%,$100B+
VZ,Verizon,Communication Services,138895008262.44986,15954336846.873875,11.486616435291372,206658535424.0,5.609999999999999,10-20%,$100B+
VLO,Valero Energy,Energy,132430001879.02864,6901621218.6779995,5.211523915088705,111989391360.0,1.25,0-10%,$100B+
T,AT&T,Communication Services,127238995548.93306,20762728236.58818,16.31789699927593,172337496064.0,4.34,10-20%,$100B+
CMCSA,Comcast,Communication Services,124903995909.67621,11071746369.869373,8.86420509546857,87260979200.0,5.01,0-10%,$100B+
BAC,Bank of America,Financials,113931001579.25412,30278599900.051414,26.576260614182903,438235529216.0,2.0500000000000003,20-30%,$100B+
TGT,Target Corporation,Consumer Staples,107704998113.67912,4374877365.087388,4.0619074710626215,71560822784.0,2.85,0-10%,$100B+
TSLA,"Tesla, Inc.",Consumer Discretionary,103619006475.92473,4226015900.396701,4.078417699728274,1452683034624.0,0.0,0-10%,$100B+
DIS,Walt Disney Company (The),Communication Services,98860996766.52007,8374431340.775432,8.470915340408027,179886243840.0,1.43,0-10%,$50-100B
JNJ,Johnson & Johnson,Health Care,97929000896.25325,20749225215.6167,21.188029108556506,643635675136.0,1.9900000000000002,20-30%,$50-100B
PEP,PepsiCo,Consumer Staples,96904001686.07642,10422579735.983805,10.755572065793611,186718535680.0,4.279999999999999,10-20%,$50-100B
FDX,FedEx,Industrials,94719993041.24603,4394969861.87305,4.6399600768121365,73176129536.0,1.55,0-10%,$50-100B
BA,Boeing,Industrials,93995001127.20358,2197228694.792584,2.337601647367471,163148185600.0,0.0,0-10%,$50-100B
RTX,RTX Corporation,Industrials,93499999704.31131,7668744150.194348,8.201865427215333,266249617408.0,1.47,0-10%,$50-100B
TMUS,T-Mobile US,Communication Services,92189001188.3,10254741571.347425,11.123606329568181,190227578880.0,2.25,10-20%,$50-100B
BG,Bunge Global,Consumer Staples,91819006669.31364,893353880.5849888,0.97295093139311,23726710784.0,2.32,0-10%,$50-100B
PGR,Progressive Corporation,Financials,91019002981.60927,11575512759.938671,12.717687934109263,125227057152.0,0.19,10-20%,$50-100B
LOW,Lowe's,Consumer Discretionary,90431995584.93521,6637269049.933082,7.339514081273645,111425331200.0,2.4899999999999998,0-10%,$50-100B
MU,Micron Technology,Information Technology,90273993680.42789,49930472459.782265,55.30991864228068,1160756461568.0,0.05,30%+,$50-100B
UPS,United Parcel Service,Industrials,89929997640.27701,4577204812.893174,5.089741947066591,84414545920.0,6.529999999999999,0-10%,$50-100B
AVGO,Broadcom,Information Technology,89103992685.6861,37347006487.82952,41.913953979111696,1733567184896.0,0.7100000000000001,30%+,$50-100B
PG,Procter & Gamble,Consumer Staples,87031999853.94229,15376091143.628712,17.66716974151229,331305975808.0,2.9899999999999998,10-20%,$50-100B
SYY,Sysco,Consumer Staples,84552996442.83339,1753491527.6626377,2.073837239876153,39079862272.0,2.76,0-10%,$50-100B
WFC,Wells Fargo,Financials,83026004057.33173,20805114184.0636,25.058551739641835,271161999360.0,2.27,20-30%,$50-100B
ADM,Archer Daniels Midland,Consumer Staples,82099007378.62854,1763972100.1012325,2.148591263675154,41713602560.0,2.46,0-10%,$50-100B
C,Citigroup,Financials,81712000604.06224,15566613819.603535,19.05058461979409,231150796800.0,1.96,10-20%,$50-100B
LLY,Lilly (Eli),Health Care,79666006614.99036,26556059381.465145,33.33424193057046,1002504519680.0,0.62,30%+,$50-100B
MET,MetLife,Financials,79398007262.30066,3317189466.6746745,4.177925342277104,60808790016.0,2.48,0-10%,$50-100B
HCA,HCA Healthcare,Health Care,78012994230.52792,6458240008.5085125,8.278415759077843,91326824448.0,0.7799999999999999,0-10%,$50-100B
MS,Morgan Stanley,Financials,77827999715.40047,19459316505.83256,25.00297653414056,338221465600.0,2.13,20-30%,$50-100B
LMT,Lockheed Martin,Industrials,77013996882.67714,6261352359.81723,8.130148561638416,121040519168.0,2.5700000000000003,0-10%,$50-100B
CAT,Caterpillar Inc.,Industrials,74728995637.56442,10659860368.420631,14.264691071349262,374892429312.0,0.79,10-20%,$50-100B
ACN,Accenture,Information Technology,73100588379.34885,7655395231.02867,10.472412603988486,107579416576.0,3.64,10-20%,$50-100B
AXP,American Express,Financials,70912999782.60909,11122352140.370668,15.684503792629497,217314689024.0,1.17,10-20%,$50-100B
ALL,Allstate,Financials,70137002811.28983,12625197715.167828,18.000765942532652,64119717888.0,1.7000000000000002,10-20%,$50-100B
IBM,IBM,Information Technology,69094999576.97388,10608432903.563086,15.353401792477005,226055733248.0,2.91,10-20%,$50-100B
DAL,Delta Air Lines,Industrials,68287001255.72163,3965466963.14104,5.807059748151969,51787812864.0,1.09,0-10%,$50-100B
GS,Goldman Sachs,Financials,67570000498.06009,18862083124.65285,27.914877883113785,299551326208.0,1.9300000000000002,20-30%,$50-100B
ORCL,Oracle Corporation,Information Technology,67356998322.18965,16793146680.566616,24.93155440246866,465570562048.0,1.23,20-30%,$50-100B
MRK,Merck & Co.,Health Care,66569000226.912865,3083964551.2099233,4.632733766013692,363981832192.0,2.29,0-10%,$50-100B
PRU,Prudential Financial,Financials,65224000242.06253,3805349852.4752774,5.834278545248184,40568549376.0,4.6899999999999995,0-10%,$50-100B
COP,ConocoPhillips,Energy,64459003097.37543,9082110519.739584,14.08974710021443,164018601984.0,2.4899999999999998,10-20%,$50-100B
ABBV,AbbVie,Health Care,64385997678.03037,6237924230.001075,9.688324255212345,443387412480.0,2.78,0-10%,$50-100B
PFE,Pfizer,Health Care,63695999392.39424,4331752382.249923,6.800666326882634,158336942080.0,6.1899999999999995,0-10%,$50-100B
CSCO,Cisco,Information Technology,63325000811.38237,13128814287.15147,20.73243445547912,431437283328.0,1.54,20-30%,$50-100B
UAL,United Airlines Holdings,Industrials,62902003827.031044,3466404498.600842,5.510801385807705,34767908864.0,0.0,0-10%,$50-100B
TJX,TJX Companies,Consumer Discretionary,62362999315.317795,5939859378.042638,9.524653148912405,138728718336.0,1.49,0-10%,$50-100B
CB,Chubb Limited,Financials,61896002822.281425,10883413651.476923,17.583386899354174,130253750272.0,1.21,10-20%,$50-100B
HPQ,HP Inc.,Information Technology,59162001452.100624,2362692283.7242274,3.993597623023514,29209010176.0,3.85,0-10%,$50-100B
TSN,Tyson Foods,Consumer Staples,55693997739.15946,569918444.6797873,1.0233031705660218,18202210304.0,3.9,0-10%,$50-100B
UBER,Uber,Industrials,55226997803.81801,9314074001.842476,16.865073917160434,145185177600.0,0.0,10-20%,$50-100B
GD,General Dynamics,Industrials,54860999046.94969,4437137811.978737,8.087963925304136,95417409536.0,1.78,0-10%,$50-100B
CHTR,Charter Communications,Communication Services,54395995714.24127,5179498891.058141,9.521838552726612,18045358080.0,0.0,0-10%,$50-100B
GE,GE Aerospace,Industrials,50639000394.03632,8788154709.955856,17.354518536252197,337643601920.0,0.5599999999999999,10-20%,$50-100B
KO,Coca-Cola Company (The),Consumer Staples,50128999556.396996,14327488403.688948,28.58123746828418,376688181248.0,2.4,20-30%,$50-100B
BMY,Bristol Myers Squibb,Health Care,49186002496.099495,9273924481.214615,18.85480423409088,131571253248.0,3.9,10-20%,$10-50B
TRV,Travelers Companies (The),Financials,48979001672.816795,7763162273.7224865,15.849980621452763,76515745792.0,1.37,10-20%,$10-50B
NFLX,Netflix,Communication Services,48370764096.66564,13241328558.969324,27.374652450202028,316584329216.0,0.0,20-30%,$10-50B
COF,Capital One,Financials,48110000959.52657,11128615004.289389,23.13160420356579,129359421440.0,1.5,20-30%,$10-50B
DE,Deere & Company,Industrials,47927001422.6936,4845168354.694726,10.109475266275519,182593028096.0,0.95,10-20%,$10-50B
ABT,Abbott Laboratories,Health Care,46584999107.7668,5346884348.915373,11.477695505684625,182088253440.0,2.39,10-20%,$10-50B
NKE,"Nike, Inc.",Consumer Discretionary,46397999725.34006,3115347168.4438887,6.714399730345392,55408676864.0,4.3,0-10%,$10-50B
TMO,Thermo Fisher Scientific,Health Care,46336001202.34461,6866207502.716792,14.81829964725001,223952240640.0,0.31,10-20%,$10-50B
V,Visa Inc.,Financials,44487998351.58175,21956476510.761013,49.353707346512614,685934510080.0,0.73,30%+,$10-50B
QCOM,Qualcomm,Information Technology,44068999593.239876,9356209429.951433,21.230818753114292,188405858304.0,2.11,20-30%,$10-50B
CRM,Salesforce,Information Technology,43938001090.667534,8978929818.933596,20.435453584711954,200943681536.0,0.7100000000000001,20-30%,$10-50B
CBRE,CBRE Group,Real Estate,43711001750.42301,1265444025.6910195,2.895024078643481,40447877120.0,0.0,0-10%,$10-50B
DG,Dollar General,Consumer Staples,43637996702.32793,1698749143.0142176,3.8928210994699386,27482232832.0,1.8499999999999999,0-10%,$10-50B
NOC,Northrop Grumman,Industrials,42892000389.31274,4472144135.501322,10.426522649700507,73243435008.0,1.91,10-20%,$10-50B
PM,Philip Morris International,Consumer Staples,42545001695.699585,11346705886.701935,26.66989172513971,289450098688.0,3.18,20-30%,$10-50B
MOH,Molina Healthcare,,42468998522.57669,8351999.934064802,0.01966610992633802,10133585920.0,0.0,0-10%,$10-50B
BBY,Best Buy,Consumer Discretionary,42201002597.6858,1260463485.6472073,2.9868093364121355,18462328832.0,4.3,0-10%,$10-50B
HPE,Hewlett Packard Enterprise,Information Technology,41870998716.360695,2575281924.651257,6.150514684630606,78187683840.0,1.02,0-10%,$10-50B
GEV,GE Vernova,Industrials,41366999101.94047,9287052051.644735,22.45038860266055,253293887488.0,0.21,20-30%,$10-50B
AMD,Advanced Micro Devices,Information Technology,41305001146.300316,6431951857.34506,15.571847666977172,850674515968.0,0.0,10-20%,$10-50B
MDLZ,Mondelez International,Consumer Staples,39675000398.656624,3484321211.7596617,8.782157975422828,79667150848.0,3.37,0-10%,$10-50B
OKE,ONEOK,Energy,39365999427.90864,3649840258.482226,9.2715549243611,60402020352.0,4.390000000000001,0-10%,$10-50B
SMCI,Supermicro,Information Technology,39063072527.25997,2141707044.8322427,5.482689676644517,25575661568.0,0.0,0-10%,$10-50B
SBUX,Starbucks,Consumer Discretionary,38338301058.611595,1972200049.9839277,5.144203043762498,114045599744.0,2.4299999999999997,0-10%,$10-50B
AMGN,Amgen,Health Care,38094998635.998055,8693362569.808296,22.820220189202107,211533070336.0,2.56,20-30%,$10-50B
HON,Honeywell,Industrials,38057001064.06416,8243609680.974956,21.661217254344027,64950513664.0,1.34,20-30%,$10-50B
MDT,Medtronic,Health Care,37541998166.01845,5193299752.463272,13.833306712917706,117539979264.0,3.1199999999999997,10-20%,$10-50B
SLB,Schlumberger,Energy,36365999116.94621,3042493528.8636746,8.366313597158676,84670373888.0,2.07,0-10%,$10-50B
NUE,Nucor,Materials,36101001169.89603,2845020962.429789,7.880725936216418,58513506304.0,0.8699999999999999,0-10%,$10-50B
LIN,Linde plc,Materials,35449001687.77789,7145192311.375393,20.156258205259732,215116382208.0,1.37,20-30%,$10-50B
MA,Mastercard,Financials,35083002370.45589,15899579425.326551,45.31989382617923,497135616000.0,0.61,30%+,$10-50B
CMI,Cummins,Industrials,34708001578.09199,2689964129.536725,7.75027085176421,76370747392.0,1.5699999999999998,0-10%,$10-50B
PYPL,PayPal,Financials,34127999714.92065,4525388342.307339,13.260045651983681,44629393408.0,1.05,10-20%,$10-50B
JBL,Jabil,Information Technology,33589998452.664665,838296670.9445354,2.4956734431705043,32627554304.0,0.1,0-10%,$10-50B
DHI,D. R. Horton,Consumer Discretionary,33349999103.14617,2931269017.5820794,8.789412582939319,38858895360.0,1.3,0-10%,$10-50B
NRG,NRG Energy,Utilities,33125000098.34247,807208265.1630988,2.4368551328804084,24251983872.0,1.59,0-10%,$10-50B
PWR,Quanta Services,Industrials,32905138248.48115,1315504691.0848496,3.997870123355495,94262296576.0,0.06999999999999999,0-10%,$10-50B
DUK,Duke Energy,Utilities,32802999875.98379,5177222514.64392,15.782771497171339,93899538432.0,3.58,10-20%,$10-50B
LEN,Lennar,Consumer Discretionary,32737235267.589706,1536911004.6074882,4.694687844116911,19454691328.0,2.4899999999999998,0-10%,$10-50B
SW,Smurfit WestRock,Materials,31326001341.92418,493051528.65819246,1.5739370093122362,22134867968.0,4.09,0-10%,$10-50B
CEG,Constellation Energy,Utilities,31269999905.1084,3624564575.279318,11.591188315568857,104132714496.0,0.5700000000000001,10-20%,$10-50B
AMAT,Applied Materials,Information Technology,30836998916.539207,9189858148.5683,29.801402443346667,372078149632.0,0.44999999999999996,20-30%,$10-50B
SO,Southern Company,Utilities,30178999110.78278,4774006666.026206,15.818969504261927,101623062528.0,3.42,10-20%,$10-50B
LUV,Southwest Airlines,Industrials,30072997873.244614,782733146.8045502,2.6027772492244057,18922573824.0,1.8599999999999999,0-10%,$10-50B
ETN,Eaton Corporation,Industrials,30025999998.510536,3821855941.520228,12.728488449043542,161271447552.0,1.04,10-20%,$10-50B
HIG,Hartford (The),Financials,29314999997.22623,3919518107.42217,13.370350018055715,36990279680.0,1.77,10-20%,$10-50B
APH,Amphenol,Information Technology,29011598784.236732,4931933272.8792715,16.99986722399803,200581726208.0,0.61,10-20%,$10-50B
NEE,NextEra Energy,Utilities,28700000055.933052,9282603599.175018,32.34356648461419,172406112256.0,2.97,30%+,$10-50B
BKNG,Booking Holdings,Consumer Discretionary,28241000812.911045,6762424506.1974325,23.94541380100747,130311913472.0,0.9299999999999999,20-30%,$10-50B
KMX,CarMax,,28197508455.96947,228476879.48940384,0.8102732900893406,8555820544.0,0.0,0-10%,$10-50B
PCAR,Paccar,Industrials,27815801798.484695,2500233479.41753,8.988536435263692,64153358336.0,1.1400000000000001,0-10%,$10-50B
BKR,Baker Hughes,Energy,27725000302.819485,3087216314.3840632,11.135135367591356,63173775360.0,1.44,10-20%,$10-50B
MCD,McDonald's,Consumer Discretionary,27701999228.73671,8703990409.998384,31.420080327521227,179372965888.0,2.91,30%+,$10-50B
USB,U.S. Bancorp,Financials,27321000027.86573,7805838532.153014,28.570837539590578,96770580480.0,3.3300000000000005,20-30%,$10-50B
CCL,Carnival,Consumer Discretionary,27310999869.90594,3040621224.471833,11.133320782672266,31091036160.0,1.94,10-20%,$10-50B
BLK,BlackRock,Financials,27299000344.13043,6780131430.872297,24.836555717799744,174179352576.0,2.09,20-30%,$10-50B
AIG,American International Group,Financials,26738998920.08529,2865454632.568305,10.71638710608529,39232675840.0,2.68,10-20%,$10-50B
EOG,EOG Resources,Energy,26720998932.664436,6740200430.297157,25.22435799380899,77111033856.0,2.81,20-30%,$10-50B
SCHW,Charles Schwab Corporation,Financials,26025000880.5734,9494051831.592953,36.480505323171286,184243421184.0,1.2,30%+,$10-50B
FCX,Freeport-McMoRan,Materials,25867999499.123028,2929475720.9511437,11.324709207028006,109467623424.0,0.7799999999999999,10-20%,$10-50B
SYK,Stryker Corporation,Health Care,25837000437.945583,3701479666.5492435,14.326274737035861,105632186368.0,1.27,10-20%,$10-50B
PCG,PG&E Corporation,Utilities,25836999442.445198,3061290393.463101,11.848474898497665,31251587072.0,1.35,10-20%,$10-50B
KKR,KKR,Financials,25833118133.968002,2890838384.283665,11.19043535237234,96136536064.0,0.74,10-20%,$10-50B
NEM,Newmont,Materials,25766999928.18262,8355779736.389586,32.428221211932645,135620739072.0,0.8200000000000001,30%+,$10-50B
WM,Waste Management,Industrials,25667000673.906525,2829983738.9629736,11.025767190008997,86514360320.0,1.7399999999999998,10-20%,$10-50B
UNP,Union Pacific Corporation,Industrials,25410000323.564053,7336832877.773242,28.87380080420308,169157050368.0,1.97,20-30%,$10-50B
EXC,Exelon,Utilities,25325999340.609653,2802290638.7748623,11.064876852782088,45022097408.0,3.82,10-20%,$10-50B
ADBE,Adobe Inc.,Information Technology,25198001440.64121,6944324767.874394,27.559029966059416,101306851328.0,0.0,20-30%,$10-50B
MMM,3M,Industrials,25180000142.553913,2903517509.780927,11.531046439010998,84784766976.0,1.8599999999999999,10-20%,$10-50B
DHR,Danaher Corporation,Health Care,25106999290.58589,3936721586.77498,15.679777345001524,144006692864.0,0.7799999999999999,10-20%,$10-50B
GPC,Genuine Parts Company,Consumer Discretionary,25071539315.758656,34464940.78674948,0.13746639307897074,18644154368.0,3.17,0-10%,$10-50B
JCI,Johnson Controls,Industrials,24995000544.693913,2156439358.318627,8.627482741849384,87784046592.0,1.09,0-10%,$10-50B
ROST,Ross Stores,Consumer Discretionary,24511797023.715153,2656067386.190165,10.835873777921794,72262361088.0,0.7799999999999999,10-20%,$10-50B
SHW,Sherwin-Williams,Materials,24410300772.58228,2629070683.5119815,10.770333016400032,77837975552.0,0.98,10-20%,$10-50B
PNC,PNC Financial Services,Financials,24319000780.38706,7248807082.895484,29.807174843883995,96021757952.0,3.29,20-30%,$10-50B
OXY,Occidental Petroleum,Energy,23926000422.00004,3388770601.7432456,14.16354819849982,61277769728.0,1.8499999999999999,10-20%,$10-50B
AMCR,Amcor,Materials,23506001101.215523,1100382714.568325,4.681284195598131,19940970496.0,5.86,0-10%,$10-50B
CDW,CDW,Information Technology,23500401018.07306,1040144964.9475349,4.426073257846145,17798729728.0,1.7399999999999998,0-10%,$10-50B
LRCX,Lam Research,Information Technology,23232689610.260975,7220122058.887469,31.077426591618657,395217207296.0,0.41000000000000003,30%+,$10-50B
AEP,American Electric Power,Utilities,22790999570.574303,3141172769.4509444,13.782514275971227,67870019584.0,3.0300000000000002,10-20%,$10-50B
BDX,Becton Dickinson,Health Care,22484001450.357086,1574395920.1813467,7.002294158615358,48975151104.0,2.35,0-10%,$10-50B
HAL,Halliburton,Energy,22372997891.66449,1591279056.4095602,7.112498128837813,30934130688.0,1.8499999999999999,0-10%,$10-50B
OMC,Omnicom Group,Communication Services,22371299204.764725,101508006.19010447,0.45374211511365825,21481289728.0,3.94,0-10%,$10-50B
TT,Trane Technologies,Industrials,22209899737.658844,2952710829.117018,13.294570727442037,97727700992.0,0.9400000000000001,10-20%,$10-50B
CARR,Carrier Global,Industrials,22107998585.669724,1154055079.2133048,5.22007939679061,47769636864.0,1.6199999999999999,0-10%,$10-50B
ADP,Automatic Data Processing,Industrials,21947400700.028603,4342082165.974788,19.784038325637027,105362030592.0,2.54,10-20%,$10-50B
CTSH,Cognizant,Information Technology,21642001103.73499,2099070000.1625395,9.6990568945137,26215854080.0,2.1999999999999997,0-10%,$10-50B
PH,Parker Hannifin,Industrials,21498999652.03745,3589832059.326663,16.697670205257467,119678287872.0,0.84,10-20%,$10-50B
INTU,Intuit,Information Technology,21447998623.319202,4502418728.138163,20.9922557680647,85874204672.0,1.73,20-30%,$10-50B
GEHC,GE HealthCare,Health Care,21266000436.208736,1960318230.0844646,9.218086099286973,29436391424.0,0.21,0-10%,$10-50B
CL,Colgate-Palmolive,Consumer Staples,21046998536.14517,2024818808.4754684,9.620463483180918,70175121408.0,2.4,0-10%,$10-50B
BSX,Boston Scientific,Health Care,20995999437.63502,3579597078.1701717,17.048948247511362,65157361664.0,0.0,10-20%,$10-50B
STLD,Steel Dynamics,Materials,20538676707.84983,1580908720.880303,7.697227739487635,34497638400.0,0.88,0-10%,$10-50B
APTV,Aptiv,Consumer Discretionary,20518000275.29739,458869653.683888,2.2364248344237683,9241758720.0,0.0,0-10%,$10-50B
MO,Altria,Consumer Staples,20444000024.527264,7931283857.814562,38.79516654421429,113358913536.0,6.510000000000001,30%+,$10-50B
KDP,Keurig Dr Pepper,Consumer Staples,20090000132.076294,1347217787.411693,6.705912287480203,43655299072.0,2.83,0-10%,$10-50B
DLTR,Dollar Tree,Consumer Staples,20068699802.28129,1531063356.312383,7.629110861174678,22213552128.0,0.0,0-10%,$10-50B
AMP,Ameriprise Financial,Financials,19839000559.772675,3658761771.654424,18.442268604363345,48749334528.0,1.22,10-20%,$10-50B
TXN,Texas Instruments,Information Technology,19452998967.40422,6009169990.087867,30.8907125331006,238896463872.0,2.19,30%+,$10-50B
EIX,Edison International,Utilities,19423001609.641468,3728847246.631384,19.198099869282846,22103713792.0,5.92,10-20%,$10-50B
TEL,TE Connectivity,Information Technology,19321999170.35238,2955929845.7046866,15.298260907909867,59257561088.0,1.52,10-20%,$10-50B
ACGL,Arch Capital Group,Financials,19231999866.77199,4360907829.80181,22.67526965480252,32797235200.0,0.0,20-30%,$10-50B
VST,Vistra Corp.,Utilities,19211999047.629692,1990316739.6947515,10.359758683937212,50714480640.0,0.61,10-20%,$10-50B
TFC,Truist Financial,Financials,19028001113.02112,5314073982.785276,27.92765225953652,61264556032.0,4.109999999999999,20-30%,$10-50B
GWW,W. W. Grainger,Industrials,18844999498.950455,1845885809.8637085,9.79509609414695,60234096640.0,0.77,0-10%,$10-50B
DVN,Devon Energy,Energy,18780999366.86717,5059999812.919558,26.94212226984175,53877997568.0,2.64,20-30%,$10-50B
L,Loews Corporation,Financials,18694001358.052013,1666085828.8427281,8.912408836030709,22217203712.0,0.22999999999999998,0-10%,$10-50B
RCL,Royal Caribbean Group,Consumer Discretionary,18681998663.845776,4330049236.148127,23.177655207351172,69473353728.0,2.27,20-30%,$10-50B
EMR,Emerson Electric,Industrials,18636000165.337963,2543567883.0912395,13.648679225825237,83859652608.0,1.46,10-20%,$10-50B
ORLY,O'Reilly Auto Parts,Consumer Discretionary,18572562147.765495,2548226410.056814,13.720381656460882,69635342336.0,0.0,10-20%,$10-50B
D,Dominion Energy,Utilities,18119000550.748966,2541830028.3894796,14.028533313800306,57257136128.0,4.03,10-20%,$10-50B
UHS,Universal Health Services,Health Care,18114485695.710373,1443355162.7957315,7.967961039807646,10359860224.0,0.47000000000000003,0-10%,$10-50B
AFL,Aflac,Financials,18069001477.267265,4647452365.174984,25.72058213079442,57524129792.0,2.12,20-30%,$10-50B
KMI,Kinder Morgan,Energy,17959000186.076214,3451543061.9935327,19.219015681449502,69943853056.0,3.6900000000000004,10-20%,$10-50B
CTVA,Corteva,Materials,17812000642.36131,1100873431.3123782,6.180515335791259,56544862208.0,0.84,0-10%,$10-50B
MGM,MGM Resorts,Consumer Discretionary,17761442333.62109,422154542.58882976,2.3768032722754873,10402911232.0,0.0,0-10%,$10-50B
ED,Consolidated Edison,Utilities,17689000565.117058,2248558149.553183,12.71161782869389,39752880128.0,3.2399999999999998,10-20%,$10-50B
LDOS,Leidos,Industrials,17634000970.756737,1344021495.5560899,7.621761492385884,16080571392.0,1.3299999999999998,0-10%,$10-50B
AON,Aon,Financials,17577001714.473236,3845834144.7473607,21.879921315480264,64632500224.0,1.04,20-30%,$10-50B
FOX,Fox Corporation (Class B),Communication Services,17125999570.833086,1614479851.7692783,9.427069322825766,24006979584.0,1.0,0-10%,$10-50B
FOXA,Fox Corporation (Class A),Communication Services,17125999449.016237,1614479808.4016862,9.427069136653664,26849136640.0,0.89,0-10%,$10-50B
CHRW,C.H. Robinson,Industrials,16996511143.902636,612300587.9945244,3.6025074958644225,17580271616.0,1.68,0-10%,$10-50B
IQV,IQVIA,Health Care,16982999046.157167,1323383961.6993415,7.792404381008256,42298908672.0,0.0,0-10%,$10-50B
GLW,Corning Inc.,Information Technology,16963999510.636383,1869212659.7325256,11.018702627057577,145109483520.0,0.67,10-20%,$10-50B
RSG,Republic Services,Industrials,16890998833.40561,2164925960.982319,12.81703931386644,68123205632.0,1.21,10-20%,$10-50B
ECL,Ecolab,Materials,16842499229.036842,2088448195.2531173,12.399871104952087,76308250624.0,1.05,10-20%,$10-50B
URI,United Rentals,Industrials,16831999446.514393,2584308021.1766233,15.353541505205952,64033206272.0,0.7799999999999999,10-20%,$10-50B
EG,Everest Group,Financials,16824999313.527866,1815145102.9474804,10.788381438375707,14105142272.0,2.16,10-20%,$10-50B
TRGP,Targa Resources,Energy,16741500110.822397,2240804109.276338,13.384727141791732,62480912384.0,1.7000000000000002,10-20%,$10-50B
KMB,Kimberly-Clark,Consumer Staples,16581998867.947119,1682849995.5500708,10.148655834267409,32825550848.0,4.97,10-20%,$10-50B
ITW,Illinois Tool Works,Industrials,16469000987.469564,3144192103.2901454,19.09157759892299,75184349184.0,2.56,10-20%,$10-50B
DTE,DTE Energy,Utilities,16465000819.398424,1313035594.594344,7.974707131793012,28312461312.0,3.4000000000000004,0-10%,$10-50B
PPG,PPG Industries,Materials,16421000804.379675,1549430920.091323,9.435666793695495,23821668352.0,2.7,0-10%,$10-50B
PHM,PulteGroup,Consumer Discretionary,16407075357.761866,1864861433.0953538,11.366202643868057,22654541824.0,0.8699999999999999,10-20%,$10-50B
FANG,Diamondback Energy,Energy,16248000469.166937,1470103897.4054174,9.047906542070603,56740409344.0,2.1999999999999997,0-10%,$10-50B
SPGI,S&P Global,Financials,16121999991.633934,4846512222.505724,30.061482601542533,123332526080.0,0.8999999999999999,30%+,$10-50B
TSCO,Tractor Supply,Consumer Discretionary,15750724051.648512,1000396979.1850549,6.351434866769511,17715363840.0,2.7199999999999998,0-10%,$10-50B
EXPE,Expedia Group,Consumer Discretionary,15700000430.912386,1907151019.5335672,12.147458389736716,32718020608.0,0.7000000000000001,10-20%,$10-50B
PFG,Principal Financial Group,Financials,15693200708.977858,1503014604.2722752,9.577489207873457,24412211200.0,2.92,0-10%,$10-50B
FE,FirstEnergy,Utilities,15635999146.243265,1082056625.4290054,6.92029089608247,26738950144.0,4.0,0-10%,$10-50B
REGN,Regeneron Pharmaceuticals,Health Care,15534698441.908167,4162470361.504213,26.794664711836695,83151601664.0,0.45999999999999996,20-30%,$10-50B
BX,Blackstone Inc.,Financials,15483307617.793974,5342981180.044567,34.508008959947425,154277101568.0,3.9,30%+,$10-50B
KVUE,Kenvue,Consumer Staples,15408000614.62565,1632657478.398148,10.596167012405164,34093729792.0,4.569999999999999,10-20%,$10-50B
TXT,Textron,Industrials,15299000006.836653,913250493.9200698,5.969347627374118,13740034048.0,0.1,0-10%,$10-50B
SWK,Stanley Black & Decker,Industrials,15247700149.104761,617658076.0011934,4.0508277967248585,13845206016.0,3.58,0-10%,$10-50B
RJF,Raymond James Financial,Financials,15239999981.91516,2205307979.938034,14.470524819914734,33707786240.0,1.22,10-20%,$10-50B
AJG,Arthur J. Gallagher & Co.,Financials,15109000543.059462,1545736243.3704987,10.230565807217175,62618976256.0,1.11,10-20%,$10-50B
EL,Estée Lauder Companies (The),Consumer Staples,15048999855.97368,180899278.08038878,1.2020684418345653,35734843392.0,1.38,0-10%,$10-50B
STT,State Street Corporation,Financials,15022999887.140516,3109623877.276551,20.699087403564096,52712521728.0,1.92,20-30%,$10-50B
OTIS,Otis Worldwide,Industrials,14910999258.021906,1480803793.2271338,9.930949412598773,26380386304.0,2.5100000000000002,0-10%,$10-50B
WRB,W. R. Berkley Corporation,Financials,14896102245.64934,1804165859.2620225,12.111664041437146,25952518144.0,0.5700000000000001,10-20%,$10-50B
NOW,ServiceNow,Information Technology,14732000138.680052,1654179225.3344522,11.228476851498742,135549648896.0,0.0,10-20%,$10-50B
XEL,Xcel Energy,Utilities,14616000965.33216,2279915265.958966,15.598762420491894,47590887424.0,3.08,10-20%,$10-50B
CSX,CSX Corporation,Industrials,14511999562.069166,3186257049.235777,21.956016712981974,89604210688.0,1.1400000000000001,20-30%,$10-50B
BLDR,Builders FirstSource,Industrials,14448703151.96207,98988738.86416338,0.6851046618029601,6605346304.0,0.0,0-10%,$10-50B
LH,LabCorp,Health Care,14348000679.239353,979687989.9035132,6.82804532704727,26041210880.0,0.89,0-10%,$10-50B
BWA,BorgWarner,,14343999750.05616,413442701.3245236,2.8823390165138902,13291267072.0,1.03,0-10%,$10-50B
BALL,Ball Corporation,Materials,14325998687.775602,923814747.1686369,6.448518998936734,15958966272.0,1.31,0-10%,$10-50B
J,Jacobs Solutions,Industrials,14219216354.262358,353456574.38314027,2.4857669056929987,16590222336.0,1.0,0-10%,$10-50B
AMTM,Amentum,,14129999767.164482,202940321.32304838,1.43623725879065,4721418752.0,0.0,0-10%,$10-50B
DVA,DaVita,Health Care,14009645871.241505,752202041.993816,5.369172418111647,11676038144.0,0.0,0-10%,$10-50B
ES,Eversource Energy,Utilities,13998372664.813967,1450197839.714947,10.359760198127427,26532970496.0,4.41,10-20%,$10-50B
CINF,Cincinnati Financial,Financials,13953999233.148613,3250665171.637351,23.295580839041392,25970022400.0,2.22,20-30%,$10-50B
ADI,Analog Devices,Information Technology,13881744031.62615,4084887108.752703,29.426324959214703,176900325376.0,1.21,20-30%,$10-50B
LVS,Las Vegas Sands,Consumer Discretionary,13718999563.62025,1671068956.9697359,12.18069108625851,28064892928.0,2.73,10-20%,$10-50B
LKQ,LKQ Corporation,,13688000770.807163,455403723.6484458,3.3270287697506555,6120120320.0,4.82,0-10%,$10-50B
HSIC,Henry Schein,Health Care,13601999564.74499,382261637.14366037,2.8103341374487614,9803952128.0,0.0,0-10%,$10-50B
KLAC,KLA Corporation,Information Technology,13579476486.267242,4795026878.601693,35.31083752345567,238980481024.0,0.49,30%+,$10-50B
SRE,Sempra,Utilities,13551999363.79698,2255956206.225665,16.646667002156605,55588069376.0,3.08,10-20%,$10-50B
ETR,Entergy,Utilities,13482226519.278536,1868110005.375566,13.856094189667516,51203411968.0,2.36,10-20%,$10-50B
AIZ,Assurant,Financials,13456200566.134172,1029880265.221556,7.653573979965059,13832357888.0,1.25,0-10%,$10-50B
DRI,Darden Restaurants,Consumer Discretionary,13210900960.224478,1184240553.5958424,8.964116506219874,23777914880.0,3.04,0-10%,$10-50B
NXPI,NXP Semiconductors,Information Technology,13185000171.153776,2957885831.7868066,22.43371856951574,56313307136.0,1.81,20-30%,$10-50B
HII,Huntington Ingalls Industries,Industrials,13185000084.887484,661997263.427468,5.020836246988293,11066781696.0,1.92,0-10%,$10-50B
ABNB,Airbnb,Consumer Discretionary,13159000000.129553,2622681397.0452104,19.930704438174555,101572018176.0,0.0,10-20%,$10-50B
AES,AES Corporation,Utilities,13054000056.299383,1904881269.847767,14.592318535562905,10573160448.0,4.75,10-20%,$10-50B
ULTA,Ulta Beauty,Consumer Discretionary,12955516820.177906,1174120158.5064225,9.062704134487007,23168563200.0,0.0,0-10%,$10-50B
WDC,Western Digital,Information Technology,12919000449.872301,9705761715.235199,75.1278069297624,173881671680.0,0.13,30%+,$10-50B
LHX,L3Harris,Industrials,12856000693.88764,1843524608.8381402,14.33979861026797,46630002688.0,1.96,10-20%,$10-50B
WELL,Welltower,Real Estate,12763214033.856848,1606875613.3563676,12.589897882256185,169982935040.0,1.43,10-20%,$10-50B
JBHT,J.B. Hunt,Industrials,12701309982.70479,660222034.1955191,5.198062523428961,25150418944.0,0.66,0-10%,$10-50B
VRTX,Vertex Pharmaceuticals,Health Care,12587199973.469244,4356993500.509215,34.6144774826228,132083556352.0,0.0,30%+,$10-50B
PEG,Public Service Enterprise Group,Utilities,12542999870.290104,2003648387.9966567,15.974235898244611,36185292800.0,3.61,10-20%,$10-50B
NSC,Norfolk Southern Railway,Industrials,12539999836.98111,2630163774.330441,20.974193050417366,72615878656.0,1.6500000000000001,20-30%,$10-50B
CMG,Chipotle Mexican Grill,Consumer Discretionary,12423758995.969316,1366651597.5024452,11.000306734425811,45593010176.0,0.0,10-20%,$10-50B
WMB,Williams Companies,Energy,12323000388.226429,3070150487.442669,24.91398515556272,91921039360.0,2.77,20-30%,$10-50B
MSI,Motorola Solutions,Information Technology,12236999998.23139,2100116010.579368,17.162016923125744,76108939264.0,1.05,10-20%,$10-50B
FIS,Fidelity National Information Services,Financials,12200000156.594093,3357245743.5336905,27.51840738066795,19632924672.0,4.46,20-30%,$10-50B
STX,Seagate Technology,Information Technology,12195000101.0943,3167584565.487054,25.974452966202236,201452011520.0,0.33,20-30%,$10-50B
HSY,Hershey Company (The),Consumer Staples,12163912276.53455,1468766611.4847102,12.074787930837955,34597392384.0,3.35,10-20%,$10-50B
HRL,Hormel Foods,Consumer Staples,12146911374.749475,341217488.67176896,2.8090884846750304,11540855808.0,5.52,0-10%,$10-50B
EXPD,Expeditors International,Industrials,12036001025.284836,891735695.2727454,7.408903450568144,24478533632.0,0.8699999999999999,0-10%,$10-50B
EBAY,eBay,Consumer Discretionary,12007999222.719591,2118199981.8079796,17.639907719183267,46061948928.0,1.1900000000000002,10-20%,$10-50B
WAB,Wabtec,Industrials,11980000632.197664,1253318552.9107897,10.46175698473962,47374426112.0,0.44,10-20%,$10-50B
DGX,Quest Diagnostics,Health Care,11559999250.936764,1039717055.3046728,8.9940927567138,25988511744.0,1.46,0-10%,$10-50B
PANW,Palo Alto Networks,Information Technology,11480000458.684668,937249923.0913974,8.164197610134798,273106501632.0,0.0,0-10%,$10-50B
CTAS,Cintas,Industrials,11264760842.889275,1964832428.1103737,17.44229154541392,80049913856.0,1.04,10-20%,$10-50B
MHK,Mohawk Industries,,11177600189.852684,511422969.9387974,4.575427294340698,8666418176.0,0.0,0-10%,$10-50B
LULU,Lululemon Athletica,Consumer Discretionary,11093953994.274155,1345126755.7309203,12.124863294233698,11040004096.0,0.0,10-20%,$10-50B
ISRG,Intuitive Surgical,Health Care,11034398979.268173,3124184827.089768,28.3131399631244,126558134272.0,0.0,20-30%,$10-50B
AMT,American Tower,Real Estate,10941500321.920355,3392189260.2506475,31.00296266915688,81743372288.0,3.9699999999999998,30%+,$10-50B
ICE,Intercontinental Exchange,Financials,10557999714.83457,3974673122.782128,37.64608098253208,87858241536.0,1.32,30%+,$10-50B
ANET,Arista Networks,Information Technology,10540800395.349205,3985470087.944574,37.809937940794676,243328073728.0,0.0,30%+,$10-50B
GPN,Global Payments,Financials,10206745483.50979,558344771.131806,5.4703506816534055,23027091456.0,1.1199999999999999,0-10%,$10-50B
NCLH,Norwegian Cruise Line Holdings,Consumer Discretionary,10154306916.304506,757659932.4444444,7.461463777777778,6818939392.0,0.0,0-10%,$10-50B
WEC,WEC Energy Group,Utilities,10137400428.638813,1678124442.439106,16.55379457733854,34588913664.0,3.56,10-20%,$10-50B
WTW,Willis Towers Watson,Financials,10101999866.858982,1498952944.3819304,14.838180203302658,29135783936.0,1.18,10-20%,$10-50B
FITB,Fifth Third Bancorp,Financials,10094999602.21459,2693470894.9297347,26.681238247288835,49144504320.0,2.94,20-30%,$10-50B
BIIB,Biogen,Health Care,10027899805.25658,831855030.7455229,8.295406285466356,31136200704.0,0.0,0-10%,$10-50B
TDG,TransDigm Group,Industrials,10005999624.676598,1823019783.1361716,18.219266955000442,62223679488.0,0.0,10-20%,$10-50B
SYF,Synchrony Financial,Financials,9907999637.02395,3172365569.3078523,32.018224520855256,25167433728.0,1.73,30%+,< $10B
EQIX,Equinix,Real Estate,9903999899.921198,1530397851.0296009,15.452320946022803,102920495104.0,1.9800000000000002,10-20%,< $10B
CPB,Campbell Soup Company,,9743999199.543022,390650167.3722585,4.009135872985081,6524752384.0,4.6,0-10%,< $10B
PLD,Prologis,Real Estate,9657474365.613178,4364690288.050398,45.1949456225481,131873923072.0,3.09,30%+,< $10B
NVR,"NVR, Inc.",Consumer Discretionary,9631335746.921095,1030419457.0729448,10.69861423325778,16570535936.0,0.0,10-20%,< $10B
CNP,CenterPoint Energy,Utilities,9619999695.212938,1106650017.7842588,11.503638802971533,26197305344.0,2.39,10-20%,< $10B
PKG,Packaging Corporation of America,Materials,9534600502.572897,686056885.4083649,7.195444478488988,20250261504.0,2.59,0-10%,< $10B
ZTS,Zoetis,Health Care,9524999900.956223,2533060869.5419497,26.59381517985794,30293422080.0,2.88,20-30%,< $10B
MTB,M&T Bank,Financials,9450999999.670036,2726578659.746962,28.849631360090523,34371067904.0,2.52,20-30%,< $10B
SNPS,Synopsys,Information Technology,9416465232.033451,1096161470.1105945,11.640901793823991,75355357184.0,0.0,10-20%,< $10B
PPL,PPL Corporation,Utilities,9398000250.850233,1271800714.4175391,13.532673765384075,26000422912.0,3.25,10-20%,< $10B
BEN,Franklin Resources,Financials,9324099828.358425,746873006.6463647,8.01013524517205,17335582720.0,3.81,0-10%,< $10B
EQT,EQT Corporation,Energy,9293919506.554356,2695973891.011367,29.007932434857906,34171940864.0,1.2,20-30%,< $10B
AVY,Avery Dennison,Materials,9248100873.620356,691945802.8854331,7.482031309359593,12868068352.0,2.34,0-10%,< $10B
MNST,Monster Beverage,Consumer Staples,9218957849.678942,2115776069.0941896,22.950273811783113,83925778432.0,0.0,20-30%,< $10B
HBAN,Huntington Bancshares,Financials,9177000138.61301,2626539185.892022,28.620890772798777,33599498240.0,3.6999999999999997,20-30%,< $10B
SJM,J.M. Smucker Company (The),Consumer Staples,9156899325.986977,228601626.51122004,2.4964960121649065,13172366336.0,3.5900000000000003,0-10%,< $10B
XYL,Xylem Inc.,Industrials,9125999423.445757,980644628.6589828,10.745613528525897,25132521472.0,1.58,10-20%,< $10B
HWM,Howmet Aerospace,Industrials,9117000510.446463,1846450579.8725996,20.252829620409642,92769181696.0,0.24,20-30%,< $10B
NTRS,Northern Trust,Financials,9085500158.034634,2131433171.052947,23.459723008953386,33790078976.0,1.77,20-30%,< $10B
STZ,Constellation Brands,Consumer Staples,9056700406.191717,1793445725.97325,19.80241860211187,20761270272.0,3.4099999999999997,10-20%,< $10B
NWS,News Corp (Class B),Communication Services,9027999490.528593,552634101.7750684,6.12133510147896,17748678656.0,0.6,0-10%,< $10B
NWSA,News Corp (Class A),Communication Services,9027999451.735817,552634181.6530327,6.121336012562312,15886892032.0,0.67,0-10%,< $10B
ROK,Rockwell Automation,Industrials,8972999643.174,1189518578.7678752,13.256643553672419,47411605504.0,1.29,10-20%,< $10B
EMN,Eastman Chemical Company,,8865000243.946663,439014213.8999122,4.952218858647936,7813081088.0,4.77,0-10%,< $10B
CMS,CMS Energy,Utilities,8813000059.161339,1041076048.1607946,11.812958597209693,21376552960.0,3.3099999999999996,10-20%,< $10B
FAST,Fastenal,Industrials,8749399832.536469,1342572219.9700704,15.344735018023012,55986409472.0,1.94,10-20%,< $10B
YUM,Yum! Brands,Consumer Discretionary,8722000061.031923,2166834776.4558544,24.843324481695664,39614324736.0,2.01,20-30%,< $10B
APA,APA Corporation,Energy,8572000248.378962,1660666179.2768562,19.3731466537335,15709762560.0,2.3,10-20%,< $10B
ZBH,Zimmer Biomet,Health Care,8508799751.342307,785839304.5025663,9.235606988854054,18045693952.0,1.02,0-10%,< $10B
DOV,Dover Corporation,Industrials,8420563787.5514345,1115152169.4078717,13.243200782546891,25780488192.0,1.08,10-20%,< $10B
AEE,Ameren,Utilities,8411000191.584137,1572469722.1520426,18.695395153187864,29414596608.0,2.81,10-20%,< $10B
RL,Ralph Lauren Corporation,Consumer Discretionary,8355200265.5427,945570147.2820739,11.317145217711376,19996395520.0,1.15,10-20%,< $10B
SOLV,Solventum,Health Care,8310000559.052207,1392430166.8018644,16.75607789562745,15325242368.0,0.0,10-20%,< $10B
ROP,Roper Technologies,Information Technology,8280300059.240055,2375598896.8337474,28.689768243154386,38605955072.0,0.9199999999999999,20-30%,< $10B
CFG,Citizens Financial Group,Financials,8160999812.155062,1933201591.9763336,23.688293548261168,29217036288.0,2.63,20-30%,< $10B
MCO,Moody's Corporation,Financials,8159999402.693203,2725868754.463431,33.40525678915809,82186502144.0,0.86,30%+,< $10B
VMC,Vulcan Materials Company,Materials,8115800033.555554,1097531953.1097739,13.523398168657712,32380430336.0,0.8099999999999999,10-20%,< $10B
TPR,"Tapestry, Inc.",Consumer Discretionary,8004199515.034967,1449577578.9128437,18.110212972452512,22672828416.0,1.5699999999999998,10-20%,< $10B
IR,Ingersoll Rand,Industrials,7942199670.839226,938958647.1075326,11.822400418300186,28548999168.0,0.11,10-20%,< $10B
AME,Ametek,Industrials,7863923407.824468,1570439615.2495782,19.970179435967268,54167556096.0,0.5700000000000001,10-20%,< $10B
EA,Electronic Arts,,7846000071.45444,885879863.6245259,11.290846999193404,52925640704.0,0.0036,10-20%,< $10B
ADSK,Autodesk,Information Technology,7790000426.809018,1613480010.1986802,20.71219411806377,43183579136.0,0.0,20-30%,< $10B
CF,CF Industries,Materials,7739000233.377345,2038524572.7778425,26.340929206668577,20901308416.0,1.79,20-30%,< $10B
GRMN,Garmin,Consumer Discretionary,7671437860.812111,1866812700.4537735,24.334586740120574,52490604544.0,1.52,20-30%,< $10B
MAS,Masco,Industrials,7619999896.401276,855793464.5275348,11.230885513944736,13680863232.0,1.7999999999999998,10-20%,< $10B
TROW,T. Rowe Price,Financials,7591999805.76235,2124626093.7604578,27.985065175421372,22982649856.0,4.75,20-30%,< $10B
IRM,Iron Mountain,Real Estate,7562471031.227836,416783951.00850546,5.511213851761847,34301319168.0,2.98,0-10%,< $10B
FTNT,Fortinet,Information Technology,7527399893.8569975,2076409643.3123565,27.584686247463544,115354460160.0,0.0,20-30%,< $10B
BR,Broadridge Financial Solutions,Industrials,7476799692.6748295,1093469068.5440779,14.624827646718575,19167066112.0,2.59,10-20%,< $10B
WYNN,Wynn Resorts,Consumer Discretionary,7413425113.618956,429401141.05395675,5.792209868892022,9291334656.0,1.08,0-10%,< $10B
NTAP,NetApp,Information Technology,7391000106.119814,1388682405.408898,18.788829461104413,36286447616.0,1.0999999999999999,10-20%,< $10B
MKC,McCormick & Company,Consumer Staples,7385800056.224062,1615798013.547718,21.877088483949336,13840478208.0,3.6999999999999997,20-30%,< $10B
MAR,Marriott International,Consumer Discretionary,7384999623.271984,2521610022.4517164,34.14502574252667,86449233920.0,0.89,30%+,< $10B
A,Agilent Technologies,Health Care,7372000024.925816,1429566701.149673,19.391843411775607,40814551040.0,0.69,10-20%,< $10B
KEY,KeyCorp,Financials,7371000041.577435,1824789856.6543083,24.756340338641397,23188703232.0,3.7600000000000002,20-30%,< $10B
RF,Regions Financial Corporation,Financials,7238000125.464641,2095746639.5773113,28.954774844560752,25464172544.0,3.64,20-30%,< $10B
DD,DuPont,Industrials,6988000464.067984,313299714.51594216,4.483395731395793,17274697728.0,1.83,0-10%,< $10B
SPG,Simon Property Group,Real Estate,6940724292.100009,5379264910.005982,77.50293317555789,77644390400.0,4.2,30%+,< $10B
NI,NiSource,Utilities,6881500056.682167,901572984.8807746,13.101401982919656,19983267840.0,2.86,10-20%,< $10B
WY,Weyerhaeuser,Real Estate,6851999800.686554,475685760.7582632,6.9422909310446945,16281425920.0,3.6999999999999997,0-10%,< $10B
CME,CME Group,Financials,6757199944.834953,4243035345.231187,62.79280441411927,98776424448.0,1.87,30%+,< $10B
DLR,Digital Realty,Real Estate,6757035609.140574,774210631.1040165,11.457844473347214,71408656384.0,2.58,10-20%,< $10B
CLX,Clorox,Consumer Staples,6720000138.891189,581678129.6410366,8.655924369326195,10837836800.0,5.46,0-10%,< $10B
MLM,Martin Marietta Materials,Materials,6688000011.982295,1090857677.7674336,16.310670990027525,35722039296.0,0.66,10-20%,< $10B
BRO,Brown & Brown,Financials,6663000053.635326,1047330461.304532,15.718602024220448,22261626880.0,0.97,10-20%,< $10B
LW,Lamb Weston,,6612299624.890305,285964947.18429697,4.324742728049638,6617064448.0,3.08,0-10%,< $10B
KEYS,Keysight Technologies,Information Technology,6581999741.404715,1259811188.7431834,19.140249745350456,56352718848.0,0.0,10-20%,< $10B
EW,Edwards Lifesciences,Health Care,6512300254.680834,968351964.0666391,14.869584113088438,49674153984.0,0.0,10-20%,< $10B
IT,Gartner,Information Technology,6463626146.157718,701585137.4670117,10.854358244157837,10715750400.0,0.0,10-20%,< $10B
EFX,Equifax,Industrials,6444499982.230992,669663937.6363219,10.391247412254534,19748036608.0,1.31,10-20%,< $10B
VTR,Ventas,Real Estate,6418987959.553238,282120522.1025188,4.395093492622074,45847146496.0,2.31,0-10%,< $10B
TDY,Teledyne Technologies,Information Technology,6374400230.6514635,959098889.0842769,15.046104015753919,27592286208.0,0.0,10-20%,< $10B
HST,Host Hotels & Resorts,Real Estate,6233999903.834069,1035142478.7516125,16.60478817323968,15311771648.0,3.62,10-20%,< $10B
CHD,Church & Dwight,Consumer Staples,6229100130.635031,740076141.1065894,11.880947899149309,22579439616.0,1.27,10-20%,< $10B
HUBB,Hubbell Incorporated,Industrials,6223599977.609034,891285502.3559304,14.32106024748625,24037234688.0,1.22,10-20%,< $10B
ON,ON Semiconductor,Information Technology,6197799667.298621,595657500.7501268,9.610789840352336,27633838080.0,0.0,0-10%,< $10B
GL,Globe Life,Financials,6191958315.956284,1155815686.944126,18.666399674649977,13050573824.0,0.77,10-20%,< $10B
PLTR,Palantir Technologies,Information Technology,6155940636.971895,2835608716.7283244,46.06296395546724,407390486528.0,0.0,30%+,< $10B
EVRG,Evergy,Utilities,6093900007.038682,906129040.8428723,14.869443866756255,18726666240.0,3.38,10-20%,< $10B
O,Realty Income,Real Estate,6065508687.450458,1296318790.6985862,21.3719715442939,56877166592.0,5.33,20-30%,< $10B
STE,Steris,Health Care,6037499739.744314,796575916.295198,13.193804565346989,20971298816.0,1.18,10-20%,< $10B
ALB,Albemarle Corporation,Materials,5907903909.232305,31861365.022711005,0.5393006641987038,14858016768.0,1.27,0-10%,< $10B
ZBRA,Zebra Technologies,Information Technology,5846999795.245591,515213126.7920712,8.811581064377833,16314134528.0,0.0,0-10%,< $10B
CDNS,Cadence Design Systems,Information Technology,5837622744.496229,1385226743.5449555,23.72929536858067,78376845312.0,0.0,20-30%,< $10B
INCY,Incyte,Health Care,5819530648.867032,1591177355.8675246,27.34202209549839,25541943296.0,0.0,20-30%,< $10B
VLTO,Veralto,Industrials,5696000007.89326,967859564.602655,16.991916489842676,23092105216.0,0.54,10-20%,< $10B
RMD,ResMed,Health Care,5653442865.992444,1504551662.3154984,26.613016138642433,31728293888.0,1.1900000000000002,20-30%,< $10B
EPAM,EPAM Systems,,5616748801.716546,380196057.9368884,6.7689702950699155,5915995136.0,0.0,0-10%,< $10B
NDAQ,"Nasdaq, Inc.",Financials,5613999878.269002,1917292411.0756457,34.15198526272174,52666847232.0,1.22,30%+,< $10B
ODFL,Old Dominion,Industrials,5602506522.43014,1081435086.9662504,19.302701079179965,37841911808.0,0.62,10-20%,< $10B
PNW,Pinnacle West,Utilities,5554253710.386091,631437530.1834726,11.368539557397705,11777946624.0,3.71,10-20%,< $10B
DECK,Deckers Brands,Consumer Discretionary,5527288668.509725,957358499.1497931,17.32058078681672,10925871104.0,0.0,10-20%,< $10B
CRWD,CrowdStrike,Information Technology,5396145002.216548,40957394.95976901,0.7590121270452359,212773666816.0,0.0,0-10%,< $10B
POOL,Pool Corporation,,5394291770.737095,395750740.6846341,7.336472654881205,6465745920.0,2.93,0-10%,< $10B
FSLR,First Solar,Information Technology,5378070687.488605,1744234635.121494,32.43234863348363,21827115008.0,0.0,30%+,< $10B
AWK,American Water Works,Utilities,5283999812.041186,1146666373.4724228,21.700726992067597,27887640576.0,2.55,20-30%,< $10B
SNA,Snap-on,Industrials,5274899907.989134,1013851584.5583247,19.220299953422607,19522850816.0,2.5700000000000003,10-20%,< $10B
MCHP,Microchip Technology,Information Technology,5122299789.308379,369245923.35055876,7.2085965003702945,39645065216.0,2.48,0-10%,< $10B
GDDY,GoDaddy,Information Technology,5104099610.289125,852339081.8511095,16.699107520020128,11854225408.0,0.0,10-20%,< $10B
HLT,Hilton Worldwide,Consumer Discretionary,5104000157.199195,1534942620.4471822,30.073326276883925,69092671488.0,0.2,30%+,< $10B
GEN,Gen Digital,Information Technology,5078999985.630273,1023583774.9971126,20.1532541424115,17813950464.0,1.68,20-30%,< $10B
CBOE,Cboe Global Markets,Financials,5061300378.946445,1338805557.9774578,26.451809964619052,30480279552.0,1.17,20-30%,< $10B
DPZ,Domino's,Consumer Discretionary,5027814691.020345,583561833.506408,11.606669485027897,10634455040.0,2.37,10-20%,< $10B
CPAY,Corpay,Financials,5020502233.492827,1079443818.9542606,21.5007138479705,26663706624.0,0.0,20-30%,< $10B
HAS,Hasbro,Consumer Discretionary,4973199760.628074,792669867.6094269,15.938830245365397,12548725760.0,3.1,10-20%,< $10B
DXCM,Dexcom,Health Care,4969200122.7032,954722701.3209507,19.212804430214618,31653019648.0,0.0,10-20%,< $10B
ATO,Atmos Energy,Utilities,4921525647.215199,1417814052.3313615,28.808425556689286,28151803904.0,2.3800000000000003,20-30%,< $10B
PSA,Public Storage,Real Estate,4910443869.487973,1956343534.4283001,39.8404622153291,55046684672.0,3.9800000000000004,30%+,< $10B
WAT,Waters Corporation,Health Care,4644286042.259472,387834157.01682436,8.350781013224172,39746617344.0,0.0,0-10%,< $10B
CPRT,Copart,Industrials,4638867038.991136,1490556368.3466864,32.13190539453042,29653739520.0,0.0,30%+,< $10B
IDXX,Idexx Laboratories,Health Care,4553223104.25312,1122630978.6096494,24.655742820091792,40584097792.0,0.0,20-30%,< $10B
TER,Teradyne,Information Technology,4464031152.913189,1139724057.4403884,25.531274724564014,59986382848.0,0.13999999999999999,20-30%,< $10B
GNRC,Generac,Industrials,4438732001.734588,257267734.68902966,5.795973593100314,11003505664.0,0.0,0-10%,< $10B
LNT,Alliant Energy,Utilities,4429000290.835432,819339657.058516,18.4994265806193,17595060224.0,3.1199999999999997,10-20%,< $10B
AKAM,Akamai Technologies,Information Technology,4322834105.289917,396657842.0433699,9.175874724361357,15916614656.0,0.0,0-10%,< $10B
FTV,Fortive,Industrials,4315799946.230365,570812227.2055547,13.226104877825271,16855572480.0,0.5,10-20%,< $10B
ALLE,Allegion,Industrials,4288499903.3788548,647980268.051448,15.109718611417305,12902630400.0,1.41,10-20%,< $10B
COO,Cooper Companies (The),Health Care,4230999988.1072435,230136136.83092672,5.439284743034923,12380544000.0,0.0,0-10%,< $10B
CCI,Crown Castle,Real Estate,4160999922.9319205,1070649963.6068444,25.730593209250625,32853659648.0,5.59,20-30%,< $10B
ALGN,Align Technology,Health Care,4139531953.1253514,409189568.5687499,9.88492354213648,10863414272.0,0.0,0-10%,< $10B
MTD,Mettler Toledo,Health Care,4133874894.3022385,889623343.0687878,21.520325743165685,25854375936.0,0.0,20-30%,< $10B
ERIE,Erie Indemnity,Financials,4119469069.632446,576234371.1845174,13.98807374067579,12749838336.0,2.4,10-20%,< $10B
VICI,Vici Properties,Real Estate,4097604118.6600657,2840779855.9406137,69.32782605825673,27758161920.0,7.28,30%+,< $10B
SWKS,Skyworks Solutions,Information Technology,4014100137.502567,290412485.74374473,7.234809192488886,11517187072.0,4.130000000000001,0-10%,< $10B
PNR,Pentair,Industrials,4011800102.5565996,619247993.9279888,15.435664242925778,9180191744.0,1.81,10-20%,< $10B
PAYX,Paychex,Industrials,3968000223.80783,1740744480.4900517,43.869566086354034,40848760832.0,4.07,30%+,< $10B
ROL,"Rollins, Inc.",Industrials,3924018932.6516457,529259976.56050956,13.487701910828028,16618763264.0,2.09,10-20%,< $10B
AOS,A. O. Smith,Industrials,3804899820.177712,487911746.72320193,12.823248174255832,7859593216.0,2.45,10-20%,< $10B
QRVO,Qorvo,,3644534139.4156823,380235224.2741956,10.433026821232017,9284444160.0,0.0,10-20%,< $10B
IEX,IDEX Corporation,Industrials,3585299900.3336115,512353231.62457734,14.29038702109419,16594349056.0,1.29,10-20%,< $10B
CSGP,CoStar Group,Real Estate,3555999927.0153008,72935568.79788172,2.051056532475792,11985744896.0,0.0,0-10%,< $10B
EXR,Extra Space Storage,Real Estate,3511114934.845196,1001989575.9754573,28.537646718182263,29933887488.0,4.66,20-30%,< $10B
MTCH,Match Group,,3509319862.672113,657811593.5143406,18.744703226153373,9664232448.0,1.94,10-20%,< $10B
MSCI,MSCI,Financials,3333758880.3018084,1331136956.3849282,39.929011190647934,40315056128.0,1.49,30%+,< $10B
WST,West Pharmaceutical Services,Health Care,3326799747.3011503,548930988.5612879,16.50027143974041,23712409600.0,0.26,10-20%,< $10B
FFIV,"F5, Inc.",Information Technology,3309331976.46196,710671099.3889974,21.47475999518136,22913056768.0,0.0,20-30%,< $10B
MPWR,Monolithic Power Systems,Information Technology,3273157823.2141676,808402422.724794,24.697935950151066,59155886080.0,0.66,20-30%,< $10B
AXON,Axon Enterprise,Industrials,3219098812.5517764,193345057.80340365,6.006185863245969,39806332928.0,0.0,0-10%,< $10B
BXP,"BXP, Inc.",Real Estate,3190219963.2995787,336431988.89682186,10.545730161780355,11628609536.0,4.26,10-20%,< $10B
VRSK,Verisk Analytics,Industrials,3136000112.626226,847315721.0378416,27.0189952362043,23166470144.0,1.1400000000000001,20-30%,< $10B
EQR,Equity Residential,,3129216874.478151,858270379.2768742,27.427641282293838,24611481600.0,0.0426,20-30%,< $10B
AVB,AvalonBay Communities,,3083519148.551766,1040997161.7478178,33.76003558261482,26283393024.0,0.0387,30%+,< $10B
PODD,Insulet Corporation,Health Care,3053400075.7178674,370351440.53587395,12.129148861987984,9565331456.0,0.0,10-20%,< $10B
NDSN,Nordson Corporation,Industrials,2979794821.532441,550309786.9436524,18.468042932588244,17486260224.0,1.1900000000000002,10-20%,< $10B
PTC,PTC Inc.,Information Technology,2953972058.385748,1118699645.657217,37.87103004178553,13985372160.0,0.0,30%+,< $10B
DOC,Healthpeak Properties,Real Estate,2949806101.2238154,248131546.45078698,8.41179175634094,14455434240.0,5.949999999999999,0-10%,< $10B
RVTY,Revvity,Health Care,2911811131.5912127,232099709.67331824,7.970974049628112,13819975680.0,0.22,0-10%,< $10B
SBAC,SBA Communications,Real Estate,2870621912.101495,982375891.827889,34.22170950784395,19810893824.0,2.65,30%+,< $10B
INVH,Invitation Homes,Real Estate,2848004180.143858,643779368.2099824,22.604579470015523,16643763200.0,4.25,20-30%,< $10B
JKHY,Jack Henry & Associates,Financials,2544339015.1954904,489385999.74366736,19.234307881965414,11111445504.0,1.53,10-20%,< $10B
FDS,FactSet,Financials,2438459009.45079,539529267.8221811,22.125828883369188,9928833024.0,1.6099999999999999,20-30%,< $10B
TYL,Tyler Technologies,Information Technology,2429657145.3106756,312056327.5187655,12.843636318031344,14033524736.0,0.0,10-20%,< $10B
FICO,Fair Isaac,Information Technology,2393575043.4735265,745766316.7050433,31.157005866120517,21234579456.0,0.0,30%+,< $10B
MAA,Mid-America Apartment Communities,Real Estate,2218780956.1218877,405666552.2242667,18.283307827434843,15165504512.0,4.79,10-20%,< $10B
KIM,Kimco Realty,Real Estate,2187133955.9682736,576878862.9260352,26.376018777992183,15810505728.0,4.71,20-30%,< $10B
PAYC,Paycom,,2140700019.7644627,425926841.97195786,19.89661503431115,9716540416.0,0.6799999999999999,10-20%,< $10B
ESS,Essex Property Trust,Real Estate,1980775936.165638,441859806.008079,22.30740983573467,18913116160.0,3.73,20-30%,< $10B
UDR,"UDR, Inc.",Real Estate,1766330047.5472448,580435500.1172949,32.861100954677035,13004694528.0,4.79,30%+,< $10B
VRSN,Verisign,Information Technology,1707899953.370708,831680015.6977768,48.69606173689359,25939376128.0,1.15,30%+,< $10B
REG,Regency Centers,Real Estate,1685532013.5685287,555267437.910085,32.943155836862395,14085470208.0,3.9800000000000004,30%+,< $10B
CPT,Camden Property Trust,Real Estate,1581868044.5304446,350669695.9874867,22.16807509324067,12048918528.0,4.05,20-30%,< $10B
FRT,Federal Realty Investment Trust,Real Estate,1335422989.194014,432720733.707211,32.40327126376466,10067095552.0,3.9600000000000004,30%+,< $10B
ENPH,Enphase Energy,,1328501979.6722708,133466086.19909355,10.046359602115038,4852351488.0,0.0,10-20%,< $10B
TECH,Bio-Techne,Health Care,1215038919.1263263,181909148.51427287,14.971466810715384,11330117632.0,0.44,10-20%,< $10B
MKTX,MarketAxess,,870025020.8284814,297731843.08965033,34.22106674657876,5745591296.0,1.91,30%+,< $10B
PARA,Paramount Global,,10624419.315034205,57170470.165632576,538.104422184588,3764018.0,0.0,30%+,< $10B
